Shoe Name,Price
Nike Air VaporMax 2023,€230.00
Nike Mercurial Superfly 9 Pro FG,€165.00
Nike Air Max 90,€150.00
Nike Air Max Pulse,€160.00
Nike Air Max 270,€160.00
Nike Air Max 95,€190.00
Nike Air Max 95 Ultra,€190.00
Jordan Max Aura 4,€130.00
adidas Originals ZX 750 Woven,€120.00
adidas Originals ZX 750,€110.00
adidas Originals ZX 750,€105.00
adidas Originals Ozweego,€120.00
Nike React Vision,€140.00
Nike React Vision,€140.00
Converse Chuck Taylor All Star High,€75.00
adidas Originals Ozweego Knit,€140.00
Nike AIR FORCE 1 07$,€135.00
Nike Air Force 1 Low Women's,€130.00
Nike Air Max TW,€160.00
Nike Air Max Alpha,€85.00
Nike Air Max 97,€190.00
adidas Originals ZX 750,€120.00
adidas Originals Nizza Lo,€80.00
Nike Air VaporMax 2021 Flyknit,€220.00
Nike Air Max 90 GORE-TEX,€170.00
Nike Air Max TW,€160.00
Nike Air VaporMax Plus,€225.00
Nike Air Max 90,€150.00
Nike Air Max Alpha,€85.00
adidas Originals ZX Flux,€105.00
Nike Air Max 90,€150.00
Nike Air Max 95 Ultra,€190.00
On Running Cloud 5 Waterproof,€175.00
Nike Air Max 90,€150.00
Nike MAX 270 SC,€160.00
New Balance 2002R,€150.00
adidas Originals Ozweego Knit,€140.00
Nike Downshifter 12,€70.00
adidas Originals ZX 750 Woven,€120.00
Nike Air Max 90,€150.00
Nike Air Max 90,€150.00
Nike Air Max 90 Terrascape,€160.00
Nike Air Huarache,€130.00
adidas Originals NMD_ R1 v2,€140.00
Nike React Vision,€145.00
Nike Air Max 95,€180.00
Nike Dunk Low Retro,€110.00
New Balance 878,€120.00
Nike Air Max 90 Terrascape,€160.00
On Running Cloudmonster,€180.00
adidas Originals NMD_R1,€140.00
New Balance 2002R,€150.00
Nike AIR FORCE 1 07$,€135.00
Fila Teratach,€65.00
adidas Originals AS 520,€100.00
Nike React Pegasus Trail 4,€140.00
Fila Cress,€40.00
Nike Air Max 95,€190.00
adidas Originals NMD_ R1 v2,€140.00
Nike Air Max 95 Ultra,€180.00
Nike Swift 3,€90.00
adidas Originals Nizza Lo,€80.00
Nike Air Max 97,€190.00
Fila Cress,€40.00
Nike Swift 3,€90.00
Nike Air Force 1 Low,€130.00
Nike Free Run 5.0,€120.00
Nike Air Max 90,€150.00
adidas Originals ZX 750,€110.00
Nike Air Max 95,€190.00
Nike AIR FORCE 1 07$,€135.00
Puma RS-X Efekt Gradient,€120.00
adidas Originals LA Trainer OG,€110.00
adidas Originals Superstar,€110.00
Nike Air Max 270,€165.00
New Balance 327,€130.00
adidas Originals U_Path X,€100.00
Nike Air Max TW,€160.00
Converse Chuck 70 Hi Women's,€90.00
Nike Air Max 270,€165.00
Nike Pegasus Trail 4 GORE-TEX,€160.00
adidas Originals Stan Smith Vulc,€100.00
Nike Air Force 1 Low,€130.00
Reebok Club C Revenge,€95.00
adidas Originals Superstar,€110.00
Converse Chuck Taylor All Star High,€80.00
On Running Cloudvista,€160.00
On Running Cloudnova,€170.00
adidas Originals Superstar,€110.00
On Running Cloud 5,€150.00
Fila Valado ADV,€60.00
New Balance 327,€120.00
adidas Originals Treziod 2,€110.00
Fila RGB Fuse,€50.00
adidas Originals Celtic Samba,€110.00
adidas Originals Handball Spezial,€110.00
Nike Air Max 95 Essential,€190.00
Vans Old Skool,€80.00
Puma RS-X Efekt,€120.00
Lacoste Twin Serve,€105.00
adidas Originals Forum Low,€110.00
Nike Air Force 1 Low,€130.00
Nike Juniper Trail 2,€90.00
Reebok Classic Leather,€100.00
adidas Originals Gazelle,€110.00
Vans Old Skool,€80.00
adidas Originals Ozweego,€120.00
Nike Quest 5,€80.00
adidas Originals LA Trainer Woven,€105.00
On Running Cloudswift Runners Women's,€160.00
adidas Originals ZX 750,€110.00
adidas Originals Baltic,€100.00
On Running Cloudswift,€165.00
adidas Originals U_Path X,€100.00
New Balance 327,€120.00
Puma Disperse XT2,€70.00
Jordan Series Mid,€100.00
McKenzie Ardan,€60.00
Nike Blazer Mid '77 QS,€110.00
adidas Originals Adilette 22 Slides,€65.00
Puma Disperse XT2,€70.00
Nike Air Max 97 Terrascape,€200.00
Birkenstock Boston Faded,€130.00
On Running Cloudrift,€160.00
Nike Air Max 90,€150.00
adidas Originals AS 520,€100.00
Under Armour UA Charged Bandit Trail 2,€100.00
Nike Downshifter 12,€70.00
adidas Originals NMD_R1,€140.00
Crocs Classic Clog Marble,€55.00
Converse Star Player 76,€80.00
Reebok Classic Nylon,€75.00
Nike Air Max 95 Ultra,€190.00
Jordan Max Aura 4,€130.00
New Balance 327,€120.00
adidas Originals Jeans,€110.00
Crocs Classic Clog,€50.00
Nike Air Force 1 '07,€130.00
Birkenstock Arizona Soft Footbed,€110.00
Tommy Hilfiger Low Cupsole,€135.00
Fila RGB Fuse,€50.00
Crocs Classic Clog,€50.00
Fila Corda,€60.00
adidas Originals Jeans,€100.00
Nike Air Zoom Pegasus 39,€120.00
adidas Originals Niteball,€125.00
Crocs Echo Clog,€80.00
Converse Chuck Taylor All Star Ox,€70.00
"Jordan Air 1 Mid ""Alternate Bred""",€140.00
Nike Dunk High Retro,€125.00
adidas Originals Ozweego,€120.00
The North Face Basecamp Slides,€45.00
Nike Air Max 95 Ultra,€190.00
Nike NIKE AIR FORCE 1 '07,€130.00
Fila Corda,€60.00
Puma Court Star,€75.00
Crocs Classic Clog,€50.00
On Running Cloud 5,€150.00
Nike React Vision,€145.00
adidas Originals Gazelle Women's,€105.00
Nike Air Max 270,€160.00
adidas Originals Jeans,€110.00
Fila MGX-100 MID,€60.00
Emporio Armani EA7 B&W 2.0,€165.00
adidas Originals Stan Smith,€110.00
Under Armour Rogue 3,€80.00
Nike Victori One Slides,€33.00
New Balance 2002R,€150.00
Birkenstock Arizona Sandals,€70.00
Vans Old Skool,€80.00
adidas Originals Rivalry Low,€110.00
Converse Chuck 70 Hi,€95.00
Asics Gel-Venture 6,€90.00
Fila Camalfi,€40.00
adidas Originals Forum Mid,€120.00
Vans Old Skool,€80.00
The North Face Basecamp Slides,€45.00
Nike Air Force 1 '07,€130.00
Birkenstock Arizona Sandals,€100.00
New Balance 550,€150.00
adidas Originals ZX 750,€120.00
Tommy Hilfiger Basket,€135.00
Nike Air Huarache,€130.00
adidas Originals NMD_ R1 v2,€140.00
Nike Air Force 1 Low,€120.00
Reebok Classic Nylon,€75.00
Nike Air VaporMax 2021 Flyknit,€145.00
Lacoste Twin Serve,€100.00
Crocs Echo Clog,€70.00
Vans Sk8-Hi,€90.00
Jordan Air 1 Mid,€140.00
Vans Old Skool,€80.00
Converse Star Player 76,€80.00
Crocs Echo Clog,€75.00
Nike React Vision,€140.00
Jordan Air 1 Low,€130.00
Fila Camalfi,€40.00
Fred Perry Baseline Twill,€80.00
Crocs Echo Slide,€65.00
Nike Air Force 1 Low,€130.00
Emporio Armani EA7 B&W Laces,€210.00
adidas Ultraboost 1.0,€180.00
Nike Air Force 1 Mid,€130.00
New Balance Fresh Foam X Hierro v7,€160.00
New Balance 610v1,€120.00
Fila Camalfi,€40.00
Reebok Club C Revenge,€90.00
Asics Quantum 180 7,€160.00
The North Face Basecamp Slides,€45.00
Nike Air Huarache,€140.00
Crocs Echo Clog,€70.00
adidas Originals Treziod 2,€110.00
Converse All Star High Utility,€80.00
On Running Cloudvista,€160.00
Nike Air Max 90,€150.00
Fila Cress,€40.00
Nike Victori Slides,€30.00 - €33.00
BOSS Sean Slides,€60.00
Vans Old Skool,€85.00
Nike Air Max 90,€150.00
Reebok Club C Revenge,€90.00
adidas Originals Gazelle,€105.00
Jordan Air 1 Low,€130.00
adidas Originals ZX 750,€100.00
Nike Metcon 8,€140.00
adidas Originals LA Trainer Woven,€110.00
B Malone X1-Scorpion,€125.00
DC Shoes Stag,€80.00
adidas Originals Jeans,€110.00
McKenzie Treso 2,€60.00
Fila Camalfi,€40.00
adidas Originals Treziod 2,€110.00
adidas Originals Ozweego,€120.00
adidas Originals NMD_R1,€140.00
Nike Air Max Flyknit Racer,€70.00
Nike React Pegasus Trail 4 GORE-TEX,€160.00
Lacoste Powercourt,€115.00
adidas Originals Drop Step Low,€90.00
New Balance 327,€130.00
Converse Chuck 70 Low,€90.00
adidas Originals Drop Step Low,€100.00
adidas Originals Handball Spezial,€110.00
Under Armour Pursuit 3,€65.00
Vans Knu Skool,€90.00
adidas Originals NMD_ R1 v2,€140.00
Converse STAR PLAYER 76,€75.00
Crocs Classic Clog,€55.00
Asics GEL-Quantum 360 7,€180.00
Birkenstock Arizona Eva,€50.00
Nike Air Max 95,€190.00
adidas Originals Treziod 2,€110.00
On Running Cloudswift,€165.00
Crocs Classic Clog,€50.00
DC Shoes Manteca 4,€70.00
Asics GEL-Quantum 360 7,€170.00
Puma RS-X Efekt,€120.00
Vans Old Skool,€80.00
Asics Venture 8 Waterproof,€85.00
Asics GT-1000 11 GORE-TEX,€150.00
Nike Air VaporMax Plus,€210.00
adidas Originals AS 520,€100.00
Lacoste Carnaby Pro,€110.00
Emporio Armani EA7 All Over Print Slides,€50.00
Nike Pegasus Trail 4 GORE-TEX,€160.00
Crocs Classic Clog,€50.00
adidas Originals NMD_V3,€170.00
Emporio Armani EA7 Vis Slides,€45.00
Crocs All Terrain,€45.00
New Balance 1906R,€160.00
Lacoste Lerond Plus,€105.00
Puma Slipstream Lo,€110.00
Vans Old Skool,€85.00
adidas Originals ZX Flux,€105.00
Asics Trabuco Max 2,€170.00
adidas Speedex 18,€168.00
EA7 Crusher Knit,€185.00
Fila Cress,€40.00
Crocs Classic Clog,€50.00
Nike Air Max 95 Essential,€190.00
adidas Originals Jeans,€110.00
Nike Blazer Mid '77 Pro Club,€115.00
adidas Originals Adilette Slides,€40.00
On Running Cloudrift,€160.00
Vans 66/99/19 Rowley Classic,€90.00
adidas Terrex Swift R3 GORE-TEX,€170.00
Jordan LUKA 1,€120.00
adidas Originals Rivalry Low,€110.00
adidas Originals Jeans Leather,€110.00
Fila Teratach,€65.00
Nike Pegasus Turbo Next Nature,€160.00
Nike Dunk High,€135.00
K-Swiss Classic VN,€110.00
Nike Victori One Slides,€33.00
adidas Originals U_Path X,€100.00
New Balance 2002R,€150.00
Jordan Air Dub Zero,€170.00
Nike Air Max 95,€190.00
Nike Air VaporMax Plus,€225.00
New Balance 574 Legacy,€130.00
Reebok Phase Run 23,€90.00
Puma Slipstream Lo,€110.00
adidas Originals Forum Low,€110.00
Nike Air Max 97,€190.00
Vans Old Skool,€80.00
Jordan Two Trey,€150.00
adidas Adilette Aqua Slides Women's,€23.00
Nike Metcon Turbo 2,€160.00
Nike Air Force 1 '07,€130.00
Jordan Max Aura 4,€130.00
New Balance 574,€110.00
Reebok Classics Vector 93,€90.00
Nike Air VaporMax 2021 Flyknit,€220.00
adidas Originals LA Trainer OG,€110.00
adidas Originals Handball Spezial,€105.00
Nike React Infinity Run Flyknit 3,€170.00
Converse Chuck Taylor All Star High,€75.00
Nike Juniper Trail 2,€90.00
Fila Corda,€60.00
Emporio Armani EA7 Vis Slides,€45.00
Asics GEL-Quantum 360,€180.00
Under Armour Bandit Trail,€95.00
adidas Ultraboost 1.0,€180.00
adidas Originals Treziod 2,€110.00
New Balance Fresh Foam X More V4,€160.00
Vans Sk8-Hi,€95.00
The North Face Base Camp Flip Flops,€40.00
adidas Originals Superstar,€110.00
DC Shoes Manteca 4,€75.00
Fila Teratach,€65.00
adidas Box Hog 4,€108.00
adidas Originals Kegler Super,€100.00
adidas Originals Munchen,€110.00
adidas Originals Handball Spezial,€110.00
adidas Originals Baltic,€100.00
Vans Cruze Too ComfyCush,€90.00
Under Armour Rogue 3,€90.00
Nike Pegasus 39,€125.00
adidas Adilette Aqua Slides Women's,€23.00
Vans Old Skool Leather,€90.00
adidas Originals ZX 750,€110.00
On Running Cloud X 3,€160.00
Reebok Classic Leather,€90.00
adidas Originals Kegler Super,€100.00
adidas Ultraboost DNA 5.0,€200.00
Fred Perry B721,€90.00
Crocs Echo Clog,€75.00
On Running Cloudswift Runners Women's,€160.00
adidas Originals Oztral,€130.00
Nike Pegasus 39 Shield,€135.00
Emporio Armani EA7 Ultimate C2 Kombat,€185.00
McKenzie Treso 2,€60.00
Fila Valado ADV,€60.00
Fila Valado ADV,€60.00
Fila Valado ADV,€60.00
Puma RS-X Efekt Turbo,€120.00
adidas Originals Stan Smith,€110.00
Converse Chuck Taylor All Star High Leather,€85.00
Nike Air Force 1 '07,€130.00
adidas !ADI2000,€110.00
Nike Juniper Trail 2,€90.00
Emporio Armani EA7 Ultimate C2 Kombat,€185.00
On Running Cloud 5 Waterproof,€175.00
adidas Originals Stan Smith,€110.00
Nike Air Force 1 '07,€130.00
BOSS Sean Slides,€60.00
adidas Originals LA Trainer Woven,€105.00
Under Armour Rogue 3,€80.00
Vans Sk8-Hi,€95.00
DC Shoes Stag,€80.00
Fila MGX-100 Mid,€55.00
Reebok Club C 85,€90.00
adidas Originals NMD_R1,€150.00
adidas Originals Gazelle,€105.00
adidas Originals Gazelle,€110.00
adidas Originals Ozelia Knit,€110.00
New Balance 327,€130.00
Jordan Two Trey,€155.00
adidas Box Hog 4,€108.00
The North Face Base Camp Flip Flops,€35.00
adidas Originals LA Trainer OG,€110.00
Vans Knu Skool,€90.00
New Balance 550,€150.00
Puma Pro Lux SD,€100.00
adidas Originals GAZELLE W,€105.00
Nike Air Max 270,€160.00
On Running Cloudmonster,€190.00
Under Armour Bandit Trail 2,€90.00
Reebok Classic Nylon,€75.00
Nike Air Max 90,€150.00
adidas Originals Adilette Slides,€35.00
adidas Originals Stan Smith,€110.00
Clarks Originals Wallabee,€120.00
Nike Infinity React 3,€170.00
Lacoste Serve Pin Slides,€55.00
Jordan Point Lane,€140.00
Lacoste Serve Pin Slides,€55.00
adidas Originals Gazelle,€110.00
Birkenstock Arizona Flor,€75.00
adidas Originals Response CL,€120.00
Salomon XT-RUSH 2,€150.00
Nike Air Max 95,€190.00
Jordan Jumpman Pro,€145.00
Nike Juiniper Trail 2 Next Nature,€90.00
Reebok Workout Plus,€75.00
DC Shoes Manteca 4,€75.00
On Running Cloud 5 Waterproof,€175.00
Converse CHUCK 70 AT-CX,€130.00
adidas Originals Stan Smith,€100.00
Asics GEL-Quantum 180 VII,€150.00
Converse Chuck Taylor All Star Ox,€70.00
Tommy Hilfiger Daniel,€120.00
adidas Originals Gazelle,€105.00
Crocs Classic Clog,€50.00
Nike Flex Experience 11,€70.00
Under Armour UA HOVR Phantom 3,€140.00
McKenzie Treso 2,€60.00
Jordan Stay Loyal 2,€130.00
Crocs Classic Clog,€60.00
Converse All Star High Utility,€80.00
Crocs Classic Clog,€55.00
The North Face Base Camp Slides,€45.00
Nike Air Force 1 Mid '07,€140.00
The North Face Basecamp Slides,€45.00
New Balance 550,€160.00
Nike Air Force 1 Low Women's,€130.00
Crocs Classic Flip Flops,€30.00
Crocs Classic Flip Flops,€30.00
New Balance 550,€150.00
The North Face Base Camp Flip Flops,€40.00
Asics Gel-Venture 6,€90.00
Nike Air Max 90,€150.00
Reebok NPC II,€70.00
Crocs Classic Clog,€50.00
New Balance 610v1,€120.00
Vans Old Skool,€85.00
adidas Originals AS 520,€100.00
Nike Pegasus 40,€130.00
Nike Pegasus 40,€130.00
New Balance 9060 Men's,€180.00
New Balance 878,€130.00
adidas Originals Treziod 2,€110.00
adidas Ultraboost 1.0,€180.00
Jordan LUKA 1,€120.00
adidas Originals Jeans,€110.00
Asics GEL-Pulse 14,€110.00
Reebok Classic Nylon,€70.00
adidas Originals SUPERSTAR FOUNDATION,€105.00
Asics GEL-Quantum 360 7,€190.00
Nike Victori Print Slides,€35.00
Vans Old Skool,€85.00
adidas Originals Gazelle,€110.00
adidas !ADI2000,€110.00
Nike Pegasus 40,€130.00
Fila Corda,€60.00
adidas Originals Treziod 2,€110.00
Nike Terra Kiger 9,€150.00
On Running Cloudswift 3,€170.00
On Running Cloudswift 3,€170.00
On Running Cloudswift 3,€170.00
On Running Cloudswift 3,€170.00
adidas Originals AS 520,€100.00
adidas Originals Jeans,€110.00
New Balance 550,€160.00
New Balance Fresh Foam X More V4,€160.00
Nike Air Max 97,€190.00
Nike Air Flight 89,€135.00
Puma CA Pro Classic,€110.00
Nike Air Max 90 Terrascape,€160.00
New Balance 327,€130.00
On Running Cloud X 3 Shift,€170.00
Asics GEL-Trabucco Terra,€130.00
adidas Originals ZX 750,€110.00
adidas Originals Forum Low CL,€110.00
New Balance 550,€150.00
On Running Cloudvista,€170.00
Jordan Two Trey,€150.00
DC Shoes Pure,€85.00
Reebok Classic Nylon,€75.00
Puma RS-X Efekt Gradient,€120.00
Puma Dispere XT,€70.00
Asics GEL-Trabucco Terra,€130.00
Puma RS-X Efekt Turbo,€120.00
Under Armour HOVR Machina 3 Breeze,€160.00
Jordan 6 Rings,€185.00
New Balance 327,€130.00
New Balance 1906R,€160.00
adidas Originals LA Trainer OG,€110.00
Jordan Series ES,€90.00
Merrell MQM 3 GORE-TEX,€155.00
Vans Cruze Too ComfyCush,€90.00
Puma Extent Nitro,€130.00
Puma RS-X Efekt Turbo,€120.00
Converse All Star High Utility,€80.00
Nike Quest 5,€80.00
New Balance 327,€130.00
Asics GEL-NIMBUS 9,€160.00
Asics GEL-Sonoma 7 GTX,€120.00
Nike Terra Kiger 9,€150.00
New Balance 9060 Men's,€180.00
adidas Avery,€160.00
Nike Air Max 97,€190.00
adidas Originals ZX Flux,€105.00
adidas Originals Drop Step Mid,€110.00
New Balance 550,€140.00
Vans Sk8-Hi,€100.00
Vans Sk8-Hi,€100.00
Vans Cruze Too ComfyCush,€90.00
Puma RS-X Efekt Gradient,€120.00
On Running Cloudnova Void,€170.00
Asics GEL-Trabucco Terra,€130.00
adidas Terrex Swift R3 GORE-TEX,€170.00
Birkenstock Arizona Sandals,€70.00
Asics GEL-Trabucco Terra,€130.00
Asics Dynablast 3,€130.00
Under Armour HOVR Infinite 5,€130.00
Under Armour HOVR Infinite,€130.00
New Balance 327,€130.00
Nike Air Trainer 1,€130.00
Reebok BB 4000 II,€100.00
Reebok BB 4000 II,€100.00
Vans Sk8-Hi,€90.00
Puma Extent Nitro,€130.00
adidas Originals Rivalry Low,€110.00
On Running Cloudmonster,€190.00
Nike Blazer Mid '77,€110.00
adidas Avery,€140.00
Reebok Classic Leather,€80.00
New Balance 574 Legacy,€130.00
Nike Dunk High,€130.00
Reebok Phase Run 23,€90.00
Reebok BB 4000 II,€100.00
K-Swiss SLAMMCLASSIC,€120.00
K-Swiss SI-18 Rival,€120.00
Reebok BB 4000 II,€100.00
Puma Extent Nitro Eng,€140.00
Crocs Classic All-Terrain Clog,€60.00
BOSS Titanium 2,€180.00
Crocs Mellow Slide,€50.00
Jordan Max Aura 4,€130.00
Reebok NPC II,€80.00
Salomon Speedcross 3,€140.00
DC Shoes Lynx Zero,€85.00
Reebok Phase Run 23,€90.00
adidas Originals NMD_V3,€170.00
New Balance 1906R,€170.00
Puma RS-X Efekt,€120.00
adidas Originals Adilette Shower Slides,€25.00
Salomon XT-Wings 2,€140.00
Under Armour HOVR Machina 3 Breeze,€160.00
Birkenstock Arizona Sandals,€70.00
adidas Terrex AX4 GORE-TEX,€150.00
Reebok Classic Nylon,€75.00
Nike Blazer Mid '77 Pro Club,€110.00
Nike Air Force 1 Mid,€130.00
New Balance 327,€130.00
adidas Avery,€140.00
adidas Avery,€140.00
On Running Cloudnova,€170.00
Puma Extent Nitro Eng,€140.00
Nike Quest 5,€80.00
New Balance 327,€120.00
Jordan Two Trey,€150.00
Salomon XT-RUSH 2,€150.00
New Balance 1906R,€160.00
Reebok Ex-O-Fit,€85.00
DC Shoes Manteca 4,€75.00
adidas Terrex Swift R3 GORE-TEX,€170.00
New Balance Fresh Foam X More V4,€160.00
Puma CA Pro Suede FS,€100.00
Puma Slipstream Lo Suede,€110.00
K-Swiss Classic VN,€110.00
New Balance Garoe,€130.00
K-Swiss Gstaad,€140.00
K-Swiss Gstaad,€140.00
K-Swiss SI-18 Rival,€120.00
K-Swiss SI-18 Rival,€120.00
Crocs CLASSIC CAMO,€55.00
K-Swiss GTAAD,€140.00
adidas Ultraboost Web,€160.00
adidas 4DFWD,€220.00
New Balance 1906R,€170.00
Under Armour UA HOVR Ridge,€140.00
Jordan 6 Rings,€180.00
Vans Sk8-Hi,€95.00
BOSS Parkour Run,€200.00
BOSS Parkour Run,€200.00
BOSS Parkour Run,€200.00
BOSS Titanium 2,€180.00
Crocs Echo Slide,€75.00
Nike Metcon Turbo 2,€160.00
Nike Pegasus Trail 4,€130.00
New Balance 2002R,€150.00
Reebok Classic Leather,€100.00
Reebok Classic Leather,€100.00
Reebok Classic Leather,€100.00
adidas Originals Oztral,€130.00
Reebok Club C 85,€90.00
Merrell Speed Eco Waterproof,€140.00
adidas Originals Jeans,€110.00
Asics Quantum 180 7,€150.00
New Balance 650,€170.00
adidas Terrex Swift R3 GORE-TEX,€170.00
New Balance 650,€170.00
Nike React Infinity Run Flyknit 3,€170.00
Reebok BB 4000 II,€100.00
Reebok Club C Revenge,€90.00
Reebok Club C Revenge,€90.00
Reebok BB 4000 II,€100.00
New Balance 574,€110.00
Converse Chuck Taylor All Star High Leather,€85.00
Reebok Classic Leather,€100.00
Jordan Delta 3 Low,€140.00
Reebok CL Vintage,€90.00
Under Armour Bandit Trail 2,€90.00
Puma Extent GORE-TEX,€150.00
adidas Originals Rivalry Low,€110.00
Under Armour Pursuit 3,€60.00
adidas Originals Rivalry Mid,€120.00
Nike Air Max 95,€180.00
Nike Air Force 1,€130.00
Nike React Pegasus Trail 4 GORE-TEX,€160.00
adidas Originals NMD_V3,€170.00
Vans Old Skool Monogram,€85.00
Jordan Play Slides,€45.00
adidas Originals Rivalry Low,€110.00
adidas Originals Oztral,€130.00
adidas Ultraboost Web,€160.00
New Balance 650,€170.00
Fila Teratach,€65.00
adidas Originals NMD_V3,€170.00
Reebok Classic Leather,€90.00
adidas Originals Oztral,€130.00
DC Shoes Stag,€80.00
adidas Terrex Trailrider GORE-TEX,€150.00
Merrell Speed Eco Waterproof,€140.00
Merrell Speed Eco Waterproof,€140.00
adidas 4DFWD,€220.00
Reebok NPC II,€70.00
Lacoste Carnaby Pro,€110.00
Nike Air Flight 89,€140.00
K-Swiss SLAMMCLASSIC,€120.00
adidas Originals Gazelle,€110.00
Reebok CLASSIC,€90.00
Converse CHUCK 70 AT-CX,€130.00
adidas Originals Rivalry Mid,€120.00
Nike Blazer Mid '77 Pro Club,€110.00
adidas Originals Rivalry Low,€110.00
Tommy Hilfiger Tevo,€110.00
Asics Sonoma 7,€100.00
Under Armour HOVR Mega 3 Clone,€150.00
Puma Slipstream Lo,€110.00
On Running Cloudswift,€170.00
adidas Box Hog 4,€108.00
adidas Originals Rivalry Low,€110.00
Puma RS-X Efekt,€120.00
BOSS Titanium,€180.00
BOSS Titanium 2,€180.00
BOSS Titanium 2,€180.00
Lacoste Serve 1.0 Slides,€50.00
Lacoste Serve 1.0 Slides,€50.00
Lacoste Serve 1.0 Slides,€50.00
Lacoste Serve 1.0 Slides,€50.00
Nike Air Pegasus 89,€120.00
Nike ZoomX Zegama Trail,€160.00
Nike Air Legacy 312 Low,€145.00
adidas 4DFWD,€220.00
adidas Terrex AX4 Mid GORE-TEX,€170.00
New Balance 550,€140.00
New Balance 574,€110.00
New Balance Fresh Foam X 1080v12,€190.00
Vans Sk8-Low,€85.00
Puma Slipstream Lo Suede,€110.00
Salomon Spearhead,€100.00
BOSS Sean Slides,€65.00
Lacoste Serve Pin Slides,€55.00
DC Shoes Manteca High,€85.00
New Balance 574 Legacy,€130.00
New Balance Fresh Foam X 1080v12,€190.00
Nike Air Max 90 GORE-TEX,€170.00
BOSS Harry,€180.00
BOSS Harry,€180.00
Nike Pegasus 40,€130.00
Nike Pegasus 40,€130.00
New Balance Fresh Foam X Hierro v7 GTX,€180.00
adidas Originals Response CL,€120.00
adidas Originals Handball Spezial,€105.00
adidas Originals Stan Smith,€100.00
Nike Pegasus Turbo Next Nature,€160.00
adidas Originals ZX 750,€105.00
Merrell Moab Flight,€130.00
On Running Cloudtrax Padded,€190.00
Merrell MQM 3 GORE-TEX,€165.00
Jordan Stay Loyal 2,€130.00
adidas Originals Superstar,€120.00
Nike Pegasus Trail 4 GORE-TEX,€160.00
Nike Metcon 8,€140.00
Nike Free Run 5.0,€120.00
Converse Chuck 70 Low,€90.00
adidas Originals adiFOM Adilette Sliders,€65.00
adidas Originals Rivalry Low,€110.00
Nike Pegasus Trail 4 GORE-TEX,€160.00
Nike Air Max 95 Ultra,€190.00
Under Armour UA HOVR Phantom 3,€140.00
Converse Chuck 70 Low,€90.00
Crocs Echo Slide,€65.00
Birkenstock Boston,€130.00
Converse STAR PLAYER 76,€80.00
Merrell Speed Eco Waterproof,€140.00
Crocs Echo Slide,€65.00
Crocs Echo Slide,€65.00
Crocs Classic All Terrain Sandals,€45.00
Crocs Mellow Flip Flop,€50.00
Crocs Mellow Flip Flop,€50.00
Crocs Classic Flip Flops,€30.00
Crocs Mellow Slide,€65.00
Emporio Armani EA7 B&W Laces,€210.00
Nike Quest 5,€80.00
Vans Cruze 2,€85.00
CRUYFF Superbia Hex,€110.00
adidas Originals Forum Low Women's,€110.00
BOSS Titanium,€180.00
Jordan Two Trey,€150.00
New Balance Garoe,€120.00
New Balance Garoe,€120.00
adidas Originals adiFOM Adilette Sliders,€65.00
New Balance Fresh Foam X More V4,€160.00
Merrell Moab Speed GORE-TEX,€150.00
New Balance 574 Legacy,€130.00
Vans 66/99/19 Rowley Classic,€90.00
Vans Old Skool,€85.00
Under Armour Sonic 5 Storm,€130.00
Converse Chuck 70 Workwear,€100.00
Puma Court Star,€70.00
Under Armour Sonic 5 Storm,€130.00
adidas Terrex Swift R2 GORE-TEX,€160.00
Nike Metcon Turbo 2,€160.00
adidas !ADI2000,€110.00
Jordan Air 1 Mid,€140.00
Salomon XT-Pathway,€130.00
Jordan Series Mid,€100.00
BOSS Titanium,€180.00
Jordan Max Aura 4,€130.00
Asics GEL-Nimbus 24,€190.00
adidas Originals Adilette 22,€65.00
On Running Cloud 5 Waterproof,€180.00
On Running Roger Spin,€155.00
Fred Perry B721,€100.00
adidas Originals Adifom Adilette Slides,€65.00
adidas Originals adiFOM Adilette Slides,€65.00
Tommy Hilfiger Low Cupsole,€135.00
Nike Blazer Mid '77,€110.00
Nike Air Flight '89,€130.00
adidas Terrex AX4 GORE-TEX,€150.00
New Balance 610v1,€120.00
Crocs Echo Clog,€75.00
Asics Quantum 360,€170.00
Nike Air More Uptempo,€180.00
Birkenstock Arizona Camo,€100.00
Emporio Armani EA7 B&W 2.0,€170.00
Birkenstock Arizona Soft Footbed,€110.00
Crocs Echo Slide,€65.00
Crocs Echo Slide,€65.00
Crocs Echo Slide,€70.00
Puma CA Pro Classic,€100.00
On Running Cloudvista,€160.00
Merrell Moab Flight,€130.00
adidas Originals Campus 00s,€100.00
BOSS Sean Slides,€60.00
Tommy Hilfiger Daniel,€120.00
The North Face Base Camp Slides,€45.00
Tommy Hilfiger Basket,€135.00
Birkenstock Arizona Athletic,€100.00
New Balance 550 Women's,€150.00
On Running Cloud 5,€150.00
adidas Originals NMD_R1,€150.00
Jordan Jrd Legacy 312 Wht/blk/red,€140.00
adidas Terrex Agravic Flow 2.0 GORE-TEX,€180.00
Nike Air Pegasus 89,€120.00
Converse Chuck 70 Workwear,€100.00
Birkenstock Arizona Athletic,€100.00
Emporio Armani EA7 B&W Laces,€185.00
Vans 66/99/19 Rowley Classic,€85.00
New Balance Fresh Foam X Hierro v7,€165.00
On Running Cloudswift Runners Women's,€160.00
Asics Kinsei Blast,€210.00
Puma CA Pro Suede FS,€100.00
Fred Perry B721,€100.00
adidas Terrex Swift R3 GORE-TEX,€170.00
New Balance 650,€170.00
Emporio Armani EA7 B&W Laces,€190.00
Crocs Classic Clog,€60.00
Crocs All Terrain,€50.00
Crocs Classic Topographic Clog,€60.00
Merrell Moab Speed GORE-TEX,€150.00
Emporio Armani EA7 B&W Laces,€185.00
Emporio Armani EA7 B&W 2.0,€170.00
Asics GT-1000 11 TR,€130.00
Under Armour UA HOVR Phantom 3,€140.00
adidas Box Hog 2.0 Boots,€88.00
CRUYFF Fearia Hex,€120.00
CRUYFF Fearia,€120.00
adidas Originals NMD_V3,€170.00
adidas Terrex Agravic Flow 2.0,€150.00
Crocs Classic Clog,€60.00
Under Armour HOVR Machina 3,€160.00
adidas Ultraboost 1.0,€180.00
Lacoste Deviation Hybrid,€110.00
The North Face Base Camp Slides,€45.00
adidas Originals Gazelle,€100.00
Lacoste Deviation Hybrid,€110.00
Merrell Agility Peak 4 GORE-TEX,€180.00
Vans Sk8-Hi,€95.00
Lacoste Court Cage,€105.00
Vans Sk8-Low,€80.00
On Running Cloud 5 Waterproof,€180.00
adidas Originals Gazelle,€100.00
Asics GEL-Quantum 360,€170.00
adidas Originals Streetball 2.0,€150.00
On Running Cloudswift,€165.00
adidas Originals Jeans,€110.00
Merrell AGILITY PEAK 4,€150.00
Nike React Pegasus Trail 4,€140.00
Nike ZoomX Zegama Trail,€160.00
Converse Chuck 70 Low,€90.00
Jordan Delta 3 Low,€140.00
Emporio Armani EA7 Ultimate C2 Kombat,€195.00
adidas 4DFWD,€220.00
Lacoste Serve Pin Slides,€55.00
Nike Air Max 90,€150.00
Havaianas Top Logomania Flip Flops,€40.00
Fred Perry B721,€90.00
Fred Perry B722,€100.00
The North Face Nuptse Mule,€85.00
Nike Free Metcon 4,€120.00
CRUYFF Fearia Hex,€120.00
Nike React Infinity Run Flyknit 3,€170.00
New Balance 550,€150.00
Nike Air Zoom Vomero 16,€160.00
Nike Pegasus 39,€120.00
Nike Air Zoom Vomero 16,€160.00
Lacoste Twin Serve,€105.00
Puma Voyage Nitro 2,€130.00
Salomon Speedcross 3,€140.00
On Running Cloud X 3,€160.00
Merrell MTL Long Sky 2,€145.00
adidas Originals Adilette 22 Slides,€65.00
DC Shoes Pure High,€90.00
New Balance 550,€140.00
Salomon Spearhead,€100.00
Under Armour UA HOVR Phantom 3,€160.00
Jordan 6 Rings,€185.00
adidas Originals Streetball 2.0,€150.00
Lacoste Deviation Hybrid,€110.00
Converse Chuck 70 Hi,€110.00
adidas Originals Gazelle,€105.00
New Balance 1906R,€160.00
Under Armour UA HOVR Ridge,€140.00
adidas Originals Hamburg,€110.00
Dr. Martens Rakim 50/50,€160.00
BOSS Parkour Run,€200.00
Nike Victori Print Slides,€35.00
Reebok Classic Leather,€90.00
Crocs Classic Clog,€55.00
adidas Galaxy 6,€55.00
Asics GEL-Pulse 14,€110.00
Nike ZoomX Zegama Trail,€160.00
Nike Free Metcon 4,€120.00
adidas Originals Ozweego,€120.00
Puma CA Pro Luxe,€100.00
Fred Perry Baseline,€110.00
Nike Air Max 90 Terrascape,€160.00
Havaianas Brazil Logo Flip Flops,€40.00
Vans Old Skool,€80.00
adidas Originals Samba Super,€95.00
adidas Ultraboost 1.0,€180.00
Under Armour Phantom 3 Storm,€160.00
New Balance 327,€130.00
Puma RS-X Efekt,€120.00
Reebok Ex-O-Fit Lo,€70.00
Vans Old Skool,€95.00
Jordan Jumpman Two Trey,€150.00
Nike Pegasus Trail 4 GORE-TEX,€160.00
Kickers Tovni Flex,€80.00
B Malone X1 TR Tech Knit,€125.00
Fred Perry B721,€90.00
Vans Old Skool,€80.00
Puma RS-X Efekt,€120.00
The North Face Basecamp Slides,€40.00
EA7 Crusher Knit,€175.00
Merrell Moab Speed GORE-TEX,€155.00
Nike Infinity React 3,€170.00
adidas Terrex AX4 GORE-TEX,€150.00
Asics Quantum 180 7,€150.00
adidas Swift R2 GTX,€140.00
New Balance Fresh Foam X Hierro v7,€160.00
Vans Old Skool,€85.00
Puma Slipstream Lo,€110.00
Vans Old Skool,€90.00
New Balance Fresh Foam X More V4,€160.00
adidas Originals Gazelle,€110.00
Asics Quantum 360,€170.00
Converse Chuck 70 Hi,€100.00
The North Face Base Camp Flip Flops,€40.00
adidas Originals Niteball,€140.00
Reebok Ex-O-Fit,€75.00
Jordan Point Lane,€140.00
New Balance 574,€110.00
adidas Box Hog 4,€111.00
Under Armour Phantom 3 Storm,€160.00
Merrell MQM 3 GORE-TEX,€160.00
Lacoste Powercourt,€100.00
adidas Originals LA Trainer OG,€110.00
Dr. Martens Thurston Chukka,€170.00
New Balance 327,€130.00
Crocs Classic Clog,€60.00
Merrell Moab Speed GORE-TEX,€150.00
Puma CA Pro Suede FS,€100.00
adidas Originals Munchen,€110.00
Asics Gel-Venture 6,€85.00
Nike Air Max 90,€150.00
Clarks Originals Wallabee,€120.00
Salomon Speedcross 3,€140.00
Emporio Armani EA7 Crusher Trail,€195.00
Merrell Agility Peak 4 GORE-TEX,€180.00
Vans Sk8-Hi,€90.00
adidas Ultraboost DNA 5.0,€200.00
Under Armour Bandit Trail 2,€100.00
McKenzie Portland,€60.00
Merrell MTL Long Sky 2,€145.00
The North Face Skeena Sandal,€50.00
Polo Ralph Lauren Train 89,€150.00
Vans Cruze 2,€85.00
adidas Originals Stan Smith,€110.00
Tommy Hilfiger Essential Leather,€135.00
Puma CA Pro Lux Premium,€100.00
Puma CA Pro Mid,€120.00
Jordan Air 37,€185.00
New Balance 878,€130.00
Crocs Classic Lined Clog,€60.00
Tommy Hilfiger Corporate Leather Trainers,€120.00
Under Armour UA HOVR Phantom 3,€160.00
adidas Originals Adilette Slides,€45.00
New Balance 610v1,€120.00
The North Face Skeena Sandal,€65.00
Nike React Infinity Run Flyknit 3,€160.00
Asics GEL-Quantum 360,€180.00
"Timberland Premium 6"" Boot",€220.00
Vans Sk8-Low,€85.00
Jordan Why Not .6,€150.00
Clarks Originals Wallabee Boot,€130.00
Crocs Classic Topographic Clog,€60.00
Converse Chuck Taylor Alt Star,€85.00
adidas Originals Campus 00s,€110.00
CRUYFF Fearia,€120.00
New Balance 9060 Men's,€180.00
Emporio Armani EA7 Future Mesh,€155.00
Nike Air Flight Lite,€135.00
New Balance Fresh Foam X Hierro v7,€180.00
Salomon XT-Wings 2,€140.00
Puma CA Pro Mid,€120.00
adidas Originals Superstar,€110.00
Havaianas Brazil Logo Flip Flops,€40.00
Jordan Series ES,€90.00
Havaianas Brazil Logo Flip Flops,€40.00
New Balance Garoe,€130.00
Puma CA Pro Luxe,€95.00
Under Armour UA HOVR Phantom 3,€160.00
Converse Chuck 70 Hi,€110.00
Asics Quantum 360,€170.00
adidas Originals Forum Low,€110.00
Under Armour Pursuit 3,€65.00
Nike Air More Uptempo 96,€180.00
Salomon XT-RUSH 2,€150.00
Lacoste Lerond Pro,€100.00
Reebok Club C,€75.00
The North Face Nuptse Mule,€85.00
Kickers Kick Lo,€115.00
Merrell Moab Speed GORE-TEX,€150.00
On Running Cloudaway,€155.00
Asics Kinsei Blast,€210.00
McKenzie Treso 2,€60.00
Jordan Stay Loyal 2,€130.00
adidas Terrex Swift R3 Mid GORE-TEX,€185.00
Nike Air Pegasus 89,€120.00
Tommy Hilfiger Essential Leather,€135.00
Converse Chuck Taylor All Star High,€75.00
Fred Perry B721 Embroidered,€100.00
"Timberland Premium 6"" Boot",€220.00
On Running Cloudnova,€170.00
DC Shoes Manteca 4,€70.00
Tommy Hilfiger Tate Evo,€120.00
On Running Fuse,€155.00
Nike Air Max 97,€185.00
Nike Victori Slides,€33.00
Converse CHUCK 70 AT-CX,€110.00
Nike Air Max 97 Terrascape,€200.00
Birkenstock Arizona Eva,€45.00
Tommy Hilfiger Modern Run Mix,€150.00
Jordan Stay Loyal 2,€130.00
Kickers Kick Hi,€120.00
Jordan Stay Loyal 2,€130.00
Converse Chuck Taylor All Star Construct,€95.00
Converse All Star Hi,€80.00
adidas Originals ADILETTE,€35.00
New Balance Fresh Foam X More v4,€160.00
Reebok Workout Plus,€85.00
Merrell Moab Speed GORE-TEX,€155.00
The North Face NSE Tent Mule,€55.00
Birkenstock Boston Shearling Sandal,€180.00
Birkenstock Boston Shearling Sandal,€180.00
Emporio Armani EA7 Crusher Reflex,€170.00
adidas Originals Superstar,€110.00
Jordan Play Slides,€45.00
Dr. Martens Combs Tech II Utility,€170.00
Lacoste Court Cage,€130.00
DC Shoes Versatile,€90.00
On Running Cloudrift,€170.00
Lacoste Active 4851,€150.00
Converse Chuck Taylor All Star High,€75.00
adidas Originals Treziod 2,€110.00
Asics GEL-Sonoma 6,€100.00
adidas Originals Superstar,€110.00
Nike Air Max 90,€150.00
DC Shoes Pure High Tops,€90.00
Tommy Hilfiger Corporate Leather Trainers,€120.00
adidas Originals Stan Smith,€110.00
Nike Infinity React 3,€170.00
DC Shoes Manteca 4,€70.00
DC Shoes Manteca 4,€70.00
DC Shoes Versatile,€85.00
Emporio Armani EA7 Kombat Derby,€190.00
Under Armour Bandit Trail 2,€90.00
Birkenstock Boston SFB,€140.00
Lacoste Court Cage,€130.00
Birkenstock Boston Shearling,€180.00
On Running Fuse,€155.00
The North Face Nuptse Mule,€80.00
The North Face Traction V Mules,€60.00
New Balance 2002R,€140.00
Nike Pegasus 39 Shield,€135.00
Havaianas Top Mix Flip Flops,€30.00
Tommy Hilfiger Tate Evo,€105.00
adidas Ultraboost Web,€180.00
Jordan Two Trey,€150.00
Converse Chuck Taylor All Star Ox Leather Mono,€80.00
adidas Originals Forum Low,€110.00
Nike React Pegasus Trail 4,€140.00
New Balance 2002R,€150.00
Nike Metcon 8,€140.00
adidas Originals Munchen,€110.00
Nike Air Max 95,€190.00
Nike Air Max 97,€180.00
adidas Originals Adilette 22 Slides,€65.00
Nike Air Max 97 Terrascape,€189.99
adidas Originals Samba Super,€95.00
CRUYFF Superbia Hex,€110.00
Jordan Series ES,€90.00
Puma Slipstream Lo Suede,€110.00
Nike Air Flight Lite Mid,€125.00
Jordan Zion 2,€130.00
Nike Air Max 90,€160.00
On Running Cloud 5 Terry,€175.00
Fred Perry Baseline Perforated,€110.00
Jordan Legacy Low,€140.00
adidas Originals Treziod 2,€110.00
Emporio Armani EA7 Ultimate C2 Kombat,€195.00
Polo Ralph Lauren Train 89,€150.00
Fred Perry B721 Embroidered,€100.00
Nike React Infinity Run Flyknit 3,€160.00
Nike Air Max 90 Terrascape,€160.00
Fred Perry Baseline,€90.00
Jordan One Take 4,€100.00
Merrell Moab Flight,€130.00
Puma CA Pro Classic,€95.00
Merrell Moab Speed GORE-TEX,€155.00
Under Armour Rogue 3,€90.00
New Balance 2002R,€150.00
Jordan LUKA 1,€120.00
Nike Air Max 90 Terrascape,€160.00
On Running Cloudnova,€170.00
adidas Originals Gazelle,€110.00
Nike Air More Uptempo,€180.00
Jordan One Take 4,€100.00
Havaianas Brazil Logo Flip Flops,€40.00
Jordan Jumpman Two Trey,€150.00
Kickers Tovni Lacer,€80.00
Nike Legend Essential 3,€60.00
Nike Air Max 97,€180.00
adidas Originals Forum Low Grinch,€110.00
Converse Chuck 70 Hi Women's,€90.00
Puma CA Pro Lux Premium,€100.00
DC Shoes Versatile,€90.00
Nike Wildhorse 7,€125.00
Tommy Hilfiger Essential Mesh Runners,€110.00
Nike Air VaporMax Plus,€235.00
Converse All Star High Utility,€80.00
Jordan Series ES,€85.00
Merrell Agility Peak,€150.00
adidas Originals Superstar,€120.00
New Balance 574,€120.00
Puma CA Pro Mid,€100.00
adidas Originals Forum 84 Hi,€115.00
Jordan Air Zion 2,€125.00
Puma RS-X Efekt,€120.00
adidas Originals Retropy F90,€100.00
Lacoste Active 4851 Run,€150.00
Nike Air Force 1 '07,€120.00
Converse Chuck Taylor All Star High Utility,€90.00
Kickers Tovni Tumble,€80.00
Kickers Tovni High-Top,€80.00
Fila MGX-100 MID,€60.00
adidas Originals ZX Flux Fade,€105.00
Crocs Classic Clog,€50.00
Nike Pegasus Trail 3,€130.00
Puma Suede Classic,€80.00
On Running Cloud 5,€150.00
Nike Metcon 8,€130.00
adidas Originals U_Path X,€100.00
Fred Perry B722,€100.00
Lacoste Powercourt,€100.00
"Timberland Premium 6"" Boot",€220.00
The North Face Traction V Mules,€65.00
Crocs Classic Clog,€55.00
McKenzie Marino,€55.00
Nike Blazer Mid '77,€110.00
EA7 Crusher Knit,€185.00
Birkenstock Arizona Suede,€105.00
Fred Perry B721 Embroidered,€100.00
Crocs Classic Lined Clog,€60.00
The North Face NSE Tent Mule,€55.00
Nike Air VaporMax Plus,€210.00
adidas Originals Adilette Slides,€35.00
Nike Mercurial Vapor 15 Club FG,€70.00
Nike Mercurial Superfly 9 Club TF,€110.00
Nike Mercurial Superfly 9 Club TF,€90.00
Nike Superfly 9 Club MG,€75.00
Nike Phantom GX Club MG,€75.00
adidas Predator Accuracy .4 FxG,€60.00
adidas Predator Accuracy.3 SG,€95.00
Nike Zoom Mercurial Vapor 15 Academy FG,€85.00
adidas X Speedportal .4 FG,€55.00
adidas Predator Accuracy.4 TF,€60.00
Nike Mercurial Vapor Club TF,€65.00
Nike Mercurial Vapor Club FG,€65.00
adidas Copa Pure.4 FXG,€50.00
Nike Tiempo Legend 9 Academy MG,€80.00
adidas x Speedportal .4 FG,€50.00
Puma Future Match FG,€90.00
adidas Copa Pure.3 FG,€80.00
adidas X Speedportal.3 FG,€95.00
adidas X Speedportal.2 FG,€140.00
Nike Phantom GX Club MG,€75.00
Nike Phantom GX Academy MG,€110.00
adidas Copa Pure.2 FG,€130.00
Puma Future Play TT,€55.00
adidas Predator Edge .4 FG,€55.00
Nike Mercurial Superfly 9 Club TF,€75.00
Nike Phantom GX Academy TF,€110.00
Nike Phantom GX Dynamic FG,€95.00
adidas Predator Edge .4 TF,€55.00
adidas X SpeedPortal .4 TF,€50.00
Nike Phantom Club TF,€75.00
Puma King Hero 21 FG,€65.00
adidas Copa Pure.4 TF,€50.00
Puma Ultra PL FG,€55.00
adidas X Speedportal .4 FXG,€60.00
Nike Vapor 15 Club TF,€70.00
Puma Ultra Play TF,€55.00
Puma Ultra Pro SG,€140.00
Nike Phantom Pro FG,€150.00
Nike Phantom Elite Dynamic Fit FG,€280.00
Puma Ultra Ultimate FG,€225.00
Puma Ultra PL FG,€55.00
adidas X SpeedPortal .1 SG,€240.00
Puma Ultra Match Laceless FG,€100.00
Puma Ultra Match FG,€90.00
adidas Copa Pure.4 FXG,€50.00
adidas X Speedportal. 3 Laceless FG,€100.00
Nike Phantom Pro FG,€150.00
Puma Ultra Play TF,€55.00
Nike React Phantom GX Pro TF,€150.00
Nike Zoom Mercurial Vapor 15 Pro FG,€150.00
Puma Ultra Ultimate FG,€225.00
adidas Predator Accuracty.3 Laceless TF,€100.00
adidas X Speedportal.3 TF,€95.00
Nike Phantom GX Academy TF,€110.00
adidas X Speedportal.1 TF,€130.00
adidas Predator Edge .3 MG,€90.00
adidas X SpeedPortal Messi.4 FXG,€60.00
adidas Predator Edge.3 Laceless FG,€100.00
Puma Ultra Play TT,€55.00
Puma Future Play TT,€55.00
Puma Ultra Ultimate FG,€225.00
adidas Copa Sense .1 FG,€230.00
adidas Predator Accuracy .4 FxG,€60.00
adidas Predator Edge.2 FG,€140.00
adidas X SpeedPortal.4 TF,€60.00
Nike Vapor Academy FG,€110.00
Puma Ultra Pro FG,€140.00
adidas Predator Accuracy.1 FG,€250.00
adidas Predator Accuracy.1 Low FG,€250.00
adidas X Speedportal .1 FG,€250.00
adidas Predator Edge .1 FG,€220.00
adidas Predator Accuracy.1 Low FG,€250.00
adidas X Speedportal. 3 Laceless FG,€100.00
adidas X Speedportal .3 TF,€75.00
adidas Predator Accuracy.2 FG,€140.00
Puma Future Ultimate MG,€225.00
Nike Phantom GX Academy MG,€110.00
adidas Predator Edge .4 TF,€60.00
Puma Future +LL FG,€100.00
Nike Gripknit Phantom GX Elite FG,€330.00
Nike Gripknit Phantom GX Elite FG,€280.00
Puma Future Play FG,€55.00
Puma Future Low FG,€215.00
Nike Legend 9 Pro FG,€140.00
Nike Zoom Mercurial Superfly 9 Elite FG,"Was  €355.00 

Now  €330.00  
	
					Save 7%"
Nike Mercurial Vapor 15 Club TF,"Was  €65.00 

Now  €45.00  
	
					Save 31%"
Nike Vapor Club FG/MG,"Was  €65.00 

Now  €40.00  
	
					Save 38%"
Nike Mercurial Superfly 8 Club MG,"Was  €75.00 

Now  €65.00  
	
					Save 13%"
Nike Air Max 97,"Was  €180.00 

Now  €150.00  
	
					Save 17%"
Nike React Vision,"Was  €140.00 

Now  €110.00  
	
					Save 21%"
Fila RGB Fuse,"Was  €50.00 

Now  €30.00  
	
					Save 40%"
Nike Air Max 95,"Was  €190.00 

Now  €165.00  
	
					Save 13%"
Reebok NPC II,"Was  €75.00 

Now  €50.00  
	
					Save 33%"
Nike Air Max 270,"Was  €160.00 

Now  €105.00  
	
					Save 34%"
Nike Air Huarache,"Was  €130.00 

Now  €90.00  
	
					Save 31%"
Puma Disperse XT2,"Was  €70.00 

Now  €45.00  
	
					Save 36%"
Reebok Workout Plus,"Was  €100.00 

Now  €40.00  
	
					Save 60%"
Asics Dynablast 3,"Was  €130.00 

Now  €90.00  
	
					Save 31%"
Nike Air Max 95 Ultra,"Was  €180.00 

Now  €125.00  
	
					Save 31%"
adidas Originals Jeans,"Was  €110.00 

Now  €70.00  
	
					Save 36%"
Nike Air Max 90,"Was  €160.00 

Now  €125.00  
	
					Save 22%"
adidas Originals Jeans,"Was  €110.00 

Now  €70.00  
	
					Save 36%"
Nike Air Max 95,"Was  €180.00 

Now  €120.00  
	
					Save 33%"
adidas Originals Kegler Super,"Was  €110.00 

Now  €60.00  
	
					Save 45%"
McKenzie Ardan 3,"Was  €60.00 

Now  €35.00  
	
					Save 42%"
Nike Air Max 97,"Was  €190.00 

Now  €110.00  
	
					Save 42%"
Nike Air Max 95 Ultra,"Was  €180.00 

Now  €140.00  
	
					Save 22%"
adidas Originals Munchen,"Was  €110.00 

Now  €55.00  
	
					Save 50%"
Puma Anzarun,"Was  €70.00 

Now  €55.00  
	
					Save 21%"
Nike Air Huarache,"Was  €140.00 

Now  €110.00  
	
					Save 21%"
McKenzie Ardan 3,"Was  €60.00 

Now  €35.00  
	
					Save 42%"
adidas Originals Handball Spezial,"Was  €110.00 

Now  €65.00  
	
					Save 41%"
adidas Originals ZX Flux,"Was  €105.00 

Now  €55.00  
	
					Save 48%"
Puma Anzarun,"Was  €70.00 

Now  €55.00  
	
					Save 21%"
EA7 Crusher Knit,"Was  €185.00 

Now  €145.00  
	
					Save 22%"
adidas Originals ZX 750,"Was  €105.00 

Now  €80.00  
	
					Save 24%"
adidas Originals ZX 750,"Was  €110.00 

Now  €90.00  
	
					Save 18%"
Converse Chuck 70 Hi Women's,"Was  €90.00 

Now  €75.00  
	
					Save 17%"
Reebok BB 4000 II,"Was  €90.00 

Now  €50.00  
	
					Save 44%"
adidas Originals ZX Flux,"Was  €100.00 

Now  €65.00  
	
					Save 35%"
adidas Originals Hamburg,"Was  €110.00 

Now  €45.00  
	
					Save 59%"
On Running Cloudswift,"Was  €165.00 

Now  €135.00  
	
					Save 18%"
Nike Air More Uptempo,"Was  €180.00 

Now  €145.00  
	
					Save 19%"
adidas Originals Drop Step Mid,"Was  €100.00 

Now  €70.00  
	
					Save 30%"
Nike Air Huarache,"Was  €130.00 

Now  €75.00  
	
					Save 42%"
adidas Originals U_Path X,"Was  €100.00 

Now  €70.00  
	
					Save 30%"
Fila F13,"Was  €80.00 

Now  €45.00  
	
					Save 44%"
adidas Originals Handball Spezial,"Was  €110.00 

Now  €90.00  
	
					Save 18%"
Reebok BB 4000 II,"Was  €90.00 

Now  €45.00  
	
					Save 50%"
Nike Air Max Flyknit Racer,"Was  €160.00 

Now  €65.00  
	
					Save 59%"
adidas Originals LA Trainer,"Was  €100.00 

Now  €70.00  
	
					Save 30%"
adidas Originals adiFOM SLTN,"Was  €110.00 

Now  €60.00  
	
					Save 45%"
Nike Air Max 90 GORE-TEX,"Was  €170.00 

Now  €110.00  
	
					Save 35%"
McKenzie Almer V2,"Was  €60.00 

Now  €35.00  
	
					Save 42%"
Nike Air Max 97,€150.00 - €190.00
Fila F13,"Was  €80.00 

Now  €40.00  
	
					Save 50%"
adidas Originals ZX 750,"Was  €110.00 

Now  €85.00  
	
					Save 23%"
adidas Originals Drop Step Mid,"Was  €100.00 

Now  €75.00  
	
					Save 25%"
adidas Originals adiFOM SLTN,"Was  €110.00 

Now  €65.00  
	
					Save 41%"
Nike Air Max 95 Essential,"Was  €170.00 

Now  €120.00  
	
					Save 29%"
adidas Originals ZX22,"Was  €135.00 

Now  €60.00  
	
					Save 56%"
adidas Originals Drop Step Low,"Was  €90.00 

Now  €65.00  
	
					Save 28%"
adidas Originals LA Trainer,"Was  €110.00 

Now  €85.00  
	
					Save 23%"
adidas Originals Gazelle,"Was  €100.00 

Now  €75.00  
	
					Save 25%"
Fila RGB Fuse,"Was  €50.00 

Now  €40.00  
	
					Save 20%"
adidas Originals U_Path X,"Was  €100.00 

Now  €65.00  
	
					Save 35%"
Nike React Pegasus Trail 4 GORE-TEX,"Was  €160.00 

Now  €130.00  
	
					Save 19%"
adidas Originals ZX 750 Woven,"Was  €110.00 

Now  €85.00  
	
					Save 23%"
Puma Anzarun,"Was  €70.00 

Now  €60.00  
	
					Save 14%"
adidas Originals Ozweego Knit,"Was  €140.00 

Now  €75.00  
	
					Save 46%"
adidas Originals Hamburg,"Was  €110.00 

Now  €70.00  
	
					Save 36%"
adidas Originals Ozweego Knit,"Was  €140.00 

Now  €70.00  
	
					Save 50%"
adidas Originals Ozweego,"Was  €125.00 

Now  €80.00  
	
					Save 36%"
Jordan Stay Loyal 2,"Was  €130.00 

Now  €105.00  
	
					Save 19%"
adidas Originals Forum Low,"Was  €100.00 

Now  €70.00  
	
					Save 30%"
adidas Originals Gazelle,"Was  €100.00 

Now  €65.00  
	
					Save 35%"
adidas Originals Stan Smith Vulc,"Was  €95.00 

Now  €65.00  
	
					Save 32%"
adidas Originals Jeans,"Was  €115.00 

Now  €75.00  
	
					Save 35%"
McKenzie Almer V2,"Was  €60.00 

Now  €35.00  
	
					Save 42%"
Nike Air Max 270,"Was  €165.00 

Now  €125.00  
	
					Save 24%"
Fila Forerunner 18,"Was  €55.00 

Now  €30.00  
	
					Save 45%"
Puma Anzarun,"Was  €70.00 

Now  €45.00  
	
					Save 36%"
adidas Originals Ozweego Knit,"Was  €140.00 

Now  €65.00  
	
					Save 54%"
Converse Chuck 70 Hi Women's,"Was  €95.00 

Now  €75.00  
	
					Save 21%"
adidas Originals Gazelle,"Was  €100.00 

Now  €60.00  
	
					Save 40%"
adidas Originals Handball Spezial,"Was  €100.00 

Now  €70.00  
	
					Save 30%"
adidas Originals Ozweego,"Was  €125.00 

Now  €70.00  
	
					Save 44%"
Nike Air Max 90,"Was  €150.00 

Now  €120.00  
	
					Save 20%"
adidas Originals ZX22,"Was  €130.00 

Now  €55.00  
	
					Save 58%"
adidas Originals ZX22,"Was  €140.00 

Now  €75.00  
	
					Save 46%"
adidas Originals Handball Spezial,"Was  €100.00 

Now  €75.00  
	
					Save 25%"
adidas Originals ZX Flux,"Was  €100.00 

Now  €70.00  
	
					Save 30%"
DC Shoes Pure High Tops,"Was  €90.00 

Now  €65.00  
	
					Save 28%"
adidas Originals U_Path X,"Was  €100.00 

Now  €60.00  
	
					Save 40%"
Nanny State Tony Boots,"Was  €65.00 

Now  €30.00  
	
					Save 54%"
Nike Lunar Force 1 Duckboot,"Was  €180.00 

Now  €130.00  
	
					Save 28%"
Puma Court Star,"Was  €70.00 

Now  €45.00  
	
					Save 36%"
adidas Originals Munchen Edge,"Was  €105.00 

Now  €60.00  
	
					Save 43%"
Fila MGX-100 LOW,"Was  €45.00 

Now  €35.00  
	
					Save 22%"
Puma Court Star,"Was  €70.00 

Now  €45.00  
	
					Save 36%"
adidas Originals ZX 750,"Was  €110.00 

Now  €90.00  
	
					Save 18%"
Nike Air Huarache,"Was  €140.00 

Now  €85.00  
	
					Save 39%"
Puma Anzarun,"Was  €70.00 

Now  €45.00  
	
					Save 36%"
Puma Suede Classic,"Was  €80.00 

Now  €55.00  
	
					Save 31%"
adidas Originals Jeans,"Was  €110.00 

Now  €60.00  
	
					Save 45%"
Nike Air Flight 89,"Was  €130.00 

Now  €120.00  
	
					Save 8%"
Puma Anzarun,"Was  €70.00 

Now  €45.00  
	
					Save 36%"
Puma Anzarun,"Was  €70.00 

Now  €60.00  
	
					Save 14%"
Fila Camalfi,"Was  €40.00 

Now  €25.00  
	
					Save 37%"
adidas Originals Handball Spezial,"Was  €110.00 

Now  €90.00  
	
					Save 18%"
Puma Suede Classic,"Was  €85.00 

Now  €65.00  
	
					Save 24%"
Nike Blazer Mid '77 Pro Club,"Was  €115.00 

Now  €80.00  
	
					Save 30%"
Vans Sk8-Hi,"Was  €100.00 

Now  €80.00  
	
					Save 20%"
Converse Chuck 70 Hi Women's,"Was  €90.00 

Now  €70.00  
	
					Save 22%"
Polo Ralph Lauren Polo Court,"Was  €135.00 

Now  €95.00  
	
					Save 30%"
Converse All Star Ox Monochrome,"Was  €70.00 

Now  €50.00  
	
					Save 29%"
Emporio Armani EA7 B&W 2.0,"Was  €170.00 

Now  €135.00  
	
					Save 21%"
Asics GEL-Trabucco Terra,"Was  €125.00 

Now  €90.00  
	
					Save 28%"
Puma CA Pro Classic,"Was  €95.00 

Now  €70.00  
	
					Save 26%"
adidas Originals AS 520,"Was  €100.00 

Now  €65.00  
	
					Save 35%"
Nike Air Huarache,"Was  €130.00 

Now  €80.00  
	
					Save 38%"
Jordan Air Dub Zero,"Was  €170.00 

Now  €140.00  
	
					Save 18%"
Nike Air Huarache,"Was  €140.00 

Now  €90.00  
	
					Save 36%"
adidas Originals Superstar,"Was  €110.00 

Now  €80.00  
	
					Save 27%"
Fila Forerunner,"Was  €40.00 

Now  €25.00  
	
					Save 37%"
Jordan Air 11 CMFT,"Was  €125.00 

Now  €80.00  
	
					Save 36%"
McKenzie Almer V2,"Was  €60.00 

Now  €30.00  
	
					Save 50%"
Reebok workout plus,"Was  €100.00 

Now  €60.00  
	
					Save 40%"
Puma Disperse XT2,"Was  €70.00 

Now  €40.00  
	
					Save 43%"
Nike Reax 8 TR,"Was  €90.00 

Now  €25.00  
	
					Save 72%"
Lacoste Powercourt,"Was  €100.00 

Now  €80.00  
	
					Save 20%"
Fila Skyshift 6,"Was  €35.00 

Now  €30.00  
	
					Save 14%"
adidas Originals ZX Flux,"Was  €100.00 

Now  €60.00  
	
					Save 40%"
Vans Old Skool Cordura,"Was  €95.00 

Now  €65.00  
	
					Save 32%"
Emporio Armani EA7 Future Mesh,"Was  €155.00 

Now  €120.00  
	
					Save 23%"
Fila Valado,"Was  €55.00 

Now  €30.00  
	
					Save 45%"
Fila Camalfi,"Was  €40.00 

Now  €25.00  
	
					Save 37%"
Clarks Originals Wallabee Quilted Boot,"Was  €180.00 

Now  €120.00  
	
					Save 33%"
Emporio Armani EA7 Kombat Winter,"Was  €210.00 

Now  €160.00  
	
					Save 24%"
Fila Valado,"Was  €55.00 

Now  €45.00  
	
					Save 18%"
adidas Originals ZX22,"Was  €140.00 

Now  €70.00  
	
					Save 50%"
adidas Originals Forum Low,"Was  €100.00 

Now  €70.00  
	
					Save 30%"
adidas Originals Gazelle,"Was  €100.00 

Now  €75.00  
	
					Save 25%"
adidas Originals PW HU NMD,"Was  €220.00 

Now  €125.00  
	
					Save 43%"
Converse Star Player 76,"Was  €75.00 

Now  €60.00  
	
					Save 20%"
Lacoste Lerond Pro,"Was  €105.00 

Now  €70.00  
	
					Save 33%"
Fila Forerunner,"Was  €40.00 

Now  €25.00  
	
					Save 37%"
adidas Originals AS 520,"Was  €100.00 

Now  €75.00  
	
					Save 25%"
Asics Gel-Venture 6,"Was  €120.00 

Now  €90.00  
	
					Save 25%"
Puma Pro Lux SD,"Was  €100.00 

Now  €70.00  
	
					Save 30%"
Nike Air Max 90,"Was  €160.00 

Now  €125.00  
	
					Save 22%"
Converse All Star Hi GORE-TEX,"Was  €100.00 

Now  €70.00  
	
					Save 30%"
Timberland Statsberg Chukka,"Was  €140.00 

Now  €100.00  
	
					Save 29%"
Puma RS-X Efekt,"Was  €120.00 

Now  €85.00  
	
					Save 29%"
Lacoste Powercourt,"Was  €100.00 

Now  €80.00  
	
					Save 20%"
Fila Valado,"Was  €55.00 

Now  €40.00  
	
					Save 27%"
Fila Teratach Mid,"Was  €65.00 

Now  €50.00  
	
					Save 23%"
adidas Originals Forum Low,"Was  €110.00 

Now  €85.00  
	
					Save 23%"
